{
    "hide": false,
    "hide_legacy": false,
    "path": [
        "Acknowledged Pawn",
        "Properties",
        "WeaponComponent",
        "Properties",
        "MegnetismSettings"
    ],
    "properties": [
        {
            "data": 0,
            "name": "SnapSpeed"
        },
        {
            "data": 0,
            "name": "SnapStartTreshold"
        },
        {
            "data": 0,
            "name": "SnapTime"
        }
    ],
    "type": "properties"
}